title	tags
Uma Noite No Museu	['ficcao', 'comedia', 'cotidiano', 'contos', 'educacional']
Se Beber Nao Case	['comedia', 'adulto', 'drogas', 'cotididano']
Transformers: A Era Da Extincao	['ficcao', 'ciencia', 'astronomia', 'guerra']
Deadpool	['comedia', 'poderes', 'ciencia', 'adulto']
A Cabana	['cotidiano', 'religioso', 'veridico', 'contos', 'educacional', 'adulto']
O Todo Poderoso	['cotidiano', 'religioso', 'comedia', 'educacional']
O Mascara	['guerra', 'ficcao', 'romance', 'contos', 'comedia', 'poderes']